Date,Open,High,Low,Close,Volume
2017-11-06 00:00:00+00:00,0.1937970072031021,0.23580099642276764,0.16531899571418762,0.18040600419044495,37080660
2017-11-13 00:00:00+00:00,0.1808760017156601,0.21121299266815186,0.18002299964427948,0.20194700360298157,62225320
2017-11-20 00:00:00+00:00,0.20181399583816528,0.2212280035018921,0.19850599765777588,0.21388599276542664,69790790
2017-11-27 00:00:00+00:00,0.21401099860668182,0.2857869863510132,0.20999999344348907,0.2759149968624115,178248900
2017-12-04 00:00:00+00:00,0.2771269977092743,0.6841880083084106,0.21917900443077087,0.3939659893512726,663329716
2017-12-11 00:00:00+00:00,0.39392000436782837,0.7478240132331848,0.39392000436782837,0.6878269910812378,573468008
2017-12-18 00:00:00+00:00,0.6866629719734192,1.0607199668884277,0.5927090048789978,1.0440200567245483,953261496
2017-12-25 00:00:00+00:00,1.042080044746399,1.139050006866455,0.8415340185165405,1.0340499877929688,543046792
2018-01-01 00:00:00+00:00,1.0350300073623657,2.0918800830841064,1.0010199546813965,1.8427200317382812,1161591808
2018-01-08 00:00:00+00:00,1.828220009803772,1.828220009803772,1.2208800315856934,1.391510009765625,506905192
2018-01-15 00:00:00+00:00,1.3875900506973267,1.5095000267028809,0.6921970248222351,1.0665600299835205,962415016
2018-01-22 00:00:00+00:00,1.0778800249099731,1.1088800430297852,0.7656090259552002,1.03056001663208,752904284
2018-01-29 00:00:00+00:00,1.0281599760055542,1.0281599760055542,0.44036099314689636,0.5508700013160706,329747600
2018-02-05 00:00:00+00:00,0.5489799976348877,0.6449199914932251,0.39736101031303406,0.5286399722099304,343795300
2018-02-12 00:00:00+00:00,0.5322189927101135,0.6029520034790039,0.5268200039863586,0.5304070115089417,533229696
2018-02-19 00:00:00+00:00,0.5289940237998962,0.5377269983291626,0.3807390034198761,0.39864400029182434,316685200
2018-02-26 00:00:00+00:00,0.39886099100112915,0.4252369999885559,0.351159006357193,0.3566510081291199,179918400
2018-03-05 00:00:00+00:00,0.35470399260520935,0.37498998641967773,0.28305500745773315,0.35037899017333984,292281800
2018-03-12 00:00:00+00:00,0.3503499925136566,0.5243369936943054,0.2247530072927475,0.28175899386405945,671477604
2018-03-19 00:00:00+00:00,0.2872360050678253,0.3441680073738098,0.26833799481391907,0.2888779938220978,801481412
2018-03-26 00:00:00+00:00,0.28844600915908813,0.2897869944572449,0.1981620043516159,0.20879000425338745,167426600
2018-04-02 00:00:00+00:00,0.2090039998292923,0.2665889859199524,0.20791299641132355,0.23548999428749084,229652304
2018-04-09 00:00:00+00:00,0.235835000872612,0.3583579957485199,0.22340600192546844,0.3583579957485199,263600104
2018-04-16 00:00:00+00:00,0.35725900530815125,0.41200900077819824,0.31559300422668457,0.3860909938812256,440016404
2018-04-23 00:00:00+00:00,0.38514500856399536,0.4536930024623871,0.3553600013256073,0.42700499296188354,346086200
2018-04-30 00:00:00+00:00,0.426580011844635,0.43773698806762695,0.3889319896697998,0.41852399706840515,185483400
2018-05-07 00:00:00+00:00,0.4181720018386841,0.4181720018386841,0.3023949861526489,0.3560279905796051,152006000
2018-05-14 00:00:00+00:00,0.35559600591659546,0.3841969966888428,0.2945689857006073,0.321397989988327,150665000
2018-05-21 00:00:00+00:00,0.3221310079097748,0.32368800044059753,0.2536790072917938,0.25672799348831177,88641410
2018-05-28 00:00:00+00:00,0.256166011095047,0.2733690142631531,0.22735899686813354,0.26397401094436646,109752100
2018-06-04 00:00:00+00:00,0.264492005109787,0.2770490050315857,0.2105419933795929,0.21682700514793396,164072400
2018-06-11 00:00:00+00:00,0.21751800179481506,0.22878000140190125,0.1870270073413849,0.19488899409770966,100599210
2018-06-18 00:00:00+00:00,0.19460299611091614,0.20194199681282043,0.1430319994688034,0.15232600271701813,105281200
2018-06-25 00:00:00+00:00,0.15205100178718567,0.17175699770450592,0.14361299574375153,0.17136600613594055,102620510
2018-07-02 00:00:00+00:00,0.1711830049753189,0.2119169980287552,0.16647900640964508,0.18465200066566467,154707790
2018-07-09 00:00:00+00:00,0.18464399874210358,0.18464399874210358,0.1536799967288971,0.1625169962644577,56737360
2018-07-16 00:00:00+00:00,0.16263699531555176,0.19964599609375,0.16169899702072144,0.17033900320529938,92852640
2018-07-23 00:00:00+00:00,0.17012299597263336,0.18992500007152557,0.17008599638938904,0.17691299319267273,130346400
2018-07-30 00:00:00+00:00,0.1768070012331009,0.17692099511623383,0.14276400208473206,0.1468210071325302,87072320
2018-08-06 00:00:00+00:00,0.14682799577713013,0.1483139991760254,0.10350999981164932,0.10747300088405609,71891640
2018-08-13 00:00:00+00:00,0.10776200145483017,0.1203719973564148,0.09819799661636353,0.10849300026893616,104443600
2018-08-20 00:00:00+00:00,0.10804200172424316,0.10862399637699127,0.09488700330257416,0.10408200323581696,58224710
2018-08-27 00:00:00+00:00,0.10397999733686447,0.11576999723911285,0.1007319986820221,0.11253900080919266,85931400
2018-09-03 00:00:00+00:00,0.1126519963145256,0.12852700054645538,0.09551099687814713,0.09755799919366837,117128320
2018-09-10 00:00:00+00:00,0.09748200327157974,0.099092997610569,0.07940799742937088,0.09083099663257599,65764880
2018-09-17 00:00:00+00:00,0.09095799922943115,0.10257700085639954,0.0842989981174469,0.10161300003528595,81960240
2018-09-24 00:00:00+00:00,0.10153699666261673,0.10153699666261673,0.08967900276184082,0.0968950018286705,70977690
2018-10-01 00:00:00+00:00,0.09664300084114075,0.11428199708461761,0.0963750034570694,0.10583300143480301,90879480
2018-10-08 00:00:00+00:00,0.10632900148630142,0.10970199853181839,0.0886550024151802,0.09224999696016312,57578060
2018-10-15 00:00:00+00:00,0.09230999648571014,0.1013839989900589,0.09145600348711014,0.09949599951505661,46981890
2018-10-22 00:00:00+00:00,0.09928300231695175,0.10182400047779083,0.0918010026216507,0.09337200224399567,46491870
2018-10-29 00:00:00+00:00,0.09310899674892426,0.09486600011587143,0.0873270034790039,0.09486600011587143,43262620
2018-11-05 00:00:00+00:00,0.09474600106477737,0.0991550013422966,0.09178200364112854,0.09302499890327454,39149270
2018-11-12 00:00:00+00:00,0.09330199658870697,0.12194500118494034,0.08706200122833252,0.09326600283384323,172837090
2018-11-19 00:00:00+00:00,0.09327399730682373,0.09327399730682373,0.061285000294446945,0.06928800046443939,80171910
2018-11-26 00:00:00+00:00,0.06921199709177017,0.0837939977645874,0.06447400152683258,0.07790300250053406,86020555
2018-12-03 00:00:00+00:00,0.07825399935245514,0.08195599913597107,0.06603199988603592,0.07432600110769272,81998284
2018-12-10 00:00:00+00:00,0.07430300116539001,0.0753059983253479,0.05676700174808502,0.06064099818468094,62463458
2018-12-17 00:00:00+00:00,0.06063099950551987,0.07745400071144104,0.06009899824857712,0.07395999878644943,79186375
2018-12-24 00:00:00+00:00,0.07401499897241592,0.07992599904537201,0.06329499930143356,0.06880199909210205,63406595
2018-12-31 00:00:00+00:00,0.06868600100278854,0.06868600100278854,0.06353399902582169,0.06662700325250626,74384126
2019-01-07 00:00:00+00:00,0.06629999727010727,0.06695599853992462,0.054659001529216766,0.05484199896454811,93077454
2019-01-14 00:00:00+00:00,0.054875001311302185,0.05998099967837334,0.05475800111889839,0.055941998958587646,98433005
2019-01-21 00:00:00+00:00,0.056070998311042786,0.05691400170326233,0.05229400098323822,0.0527149997651577,84236325
2019-01-28 00:00:00+00:00,0.05276300013065338,0.05286499857902527,0.03913399949669838,0.03926499933004379,116843261
2019-02-04 00:00:00+00:00,0.03938400000333786,0.04096100106835365,0.034313999116420746,0.040109001100063324,95792583
2019-02-11 00:00:00+00:00,0.04012100026011467,0.044704001396894455,0.03872799873352051,0.04187300056219101,99563817
2019-02-18 00:00:00+00:00,0.04181399941444397,0.050175998359918594,0.04146699979901314,0.04292900115251541,125638419
2019-02-25 00:00:00+00:00,0.04269300028681755,0.0444910004734993,0.04244200140237808,0.04334700107574463,97382073
2019-03-04 00:00:00+00:00,0.043334998190402985,0.04861700162291527,0.040038999170064926,0.045058999210596085,117996476
2019-03-11 00:00:00+00:00,0.04509900137782097,0.05154699832201004,0.04364499822258949,0.050602998584508896,164210250
2019-03-18 00:00:00+00:00,0.050700001418590546,0.05173800140619278,0.04772099852561951,0.05102099850773811,113727931
2019-03-25 00:00:00+00:00,0.05109100043773651,0.05680600181221962,0.04874299839138985,0.055264998227357864,101447353
2019-04-01 00:00:00+00:00,0.05524199828505516,0.07805699855089188,0.054892998188734055,0.07199899852275848,194004635
2019-04-08 00:00:00+00:00,0.07201199978590012,0.07554899901151657,0.06314600259065628,0.06827300041913986,191157360
2019-04-15 00:00:00+00:00,0.06827600300312042,0.0688840001821518,0.06245800107717514,0.06327900290489197,192885125
2019-04-22 00:00:00+00:00,0.06327100098133087,0.06546200066804886,0.056345999240875244,0.05736900120973587,147886341
2019-04-29 00:00:00+00:00,0.057385001331567764,0.058389998972415924,0.05252299830317497,0.0525440014898777,142887915
2019-05-06 00:00:00+00:00,0.05254499986767769,0.0622670017182827,0.04645200073719025,0.05556200072169304,152912476
2019-05-13 00:00:00+00:00,0.055587999522686005,0.11417199671268463,0.05499599874019623,0.09455999732017517,319071724
2019-05-20 00:00:00+00:00,0.09456799924373627,0.09461899846792221,0.0742570012807846,0.08799300342798233,233044988
2019-05-27 00:00:00+00:00,0.08801399916410446,0.10164199769496918,0.08543600142002106,0.09534300118684769,276958728
2019-06-03 00:00:00+00:00,0.09532299637794495,0.09787199646234512,0.07925199717283249,0.08152300119400024,214500953
2019-06-10 00:00:00+00:00,0.08149299770593643,0.09143199771642685,0.08041500300168991,0.08747000247240067,199045547
2019-06-17 00:00:00+00:00,0.08745600283145905,0.0941850021481514,0.08470399677753448,0.09080900251865387,209299847
2019-06-24 00:00:00+00:00,0.09089700132608414,0.10840000212192535,0.08411599695682526,0.09066200256347656,322709967
2019-07-01 00:00:00+00:00,0.09063299745321274,0.09627699851989746,0.08409799635410309,0.09042300283908844,231819017
2019-07-08 00:00:00+00:00,0.09040500223636627,0.09501300007104874,0.06187799945473671,0.06203199923038483,292296168
2019-07-15 00:00:00+00:00,0.06203100085258484,0.07443299889564514,0.05843000113964081,0.06754299998283386,256612664
2019-07-22 00:00:00+00:00,0.06741099804639816,0.06955800205469131,0.061423998326063156,0.0628810003399849,174583502
2019-07-29 00:00:00+00:00,0.06282299757003784,0.06670200079679489,0.062105000019073486,0.06337200105190277,256992007
2019-08-05 00:00:00+00:00,0.06345199793577194,0.06657300144433975,0.05543899908661842,0.059696998447179794,231043482
2019-08-12 00:00:00+00:00,0.0596809983253479,0.059709999710321426,0.05047700181603432,0.055282000452280045,215029611
2019-08-19 00:00:00+00:00,0.05527900159358978,0.058320000767707825,0.05279099941253662,0.05480799823999405,220374343
2019-08-26 00:00:00+00:00,0.05448399856686592,0.05750599876046181,0.04620499908924103,0.04876499995589256,69325098
2019-09-02 00:00:00+00:00,0.04880300164222717,0.05140100046992302,0.04577299952507019,0.04723900184035301,54836044
2019-09-09 00:00:00+00:00,0.047290001064538956,0.05110200121998787,0.041450999677181244,0.046286001801490784,81115488
2019-09-16 00:00:00+00:00,0.04628700017929077,0.049508001655340195,0.04238300025463104,0.04428400099277496,74799959
2019-09-23 00:00:00+00:00,0.04427500069141388,0.045768000185489655,0.03692999854683876,0.040095001459121704,226927745
2019-09-30 00:00:00+00:00,0.04009300097823143,0.04328799992799759,0.03680900111794472,0.039420001208782196,61848080
2019-10-07 00:00:00+00:00,0.03946499899029732,0.04264799878001213,0.038582999259233475,0.03928999975323677,266106858
2019-10-14 00:00:00+00:00,0.039257001131772995,0.04440699890255928,0.03642699867486954,0.04071599990129471,212071571
2019-10-21 00:00:00+00:00,0.04072599858045578,0.043327998369932175,0.03665100038051605,0.04192499816417694,226833127
2019-10-28 00:00:00+00:00,0.04196599870920181,0.043859999626874924,0.03985000029206276,0.041662998497486115,282141176
2019-11-04 00:00:00+00:00,0.041655998677015305,0.043907999992370605,0.038986001163721085,0.04048499837517738,254875923
2019-11-11 00:00:00+00:00,0.04044099897146225,0.04472000151872635,0.039319999516010284,0.041669998317956924,119344180
2019-11-18 00:00:00+00:00,0.04156700149178505,0.043421998620033264,0.032517001032829285,0.035030998289585114,250813252
2019-11-25 00:00:00+00:00,0.034991998225450516,0.03893899917602539,0.032756999135017395,0.036368999630212784,197139449
2019-12-02 00:00:00+00:00,0.03635900095105171,0.03761100023984909,0.033163998275995255,0.036378998309373856,175994990
2019-12-09 00:00:00+00:00,0.036396000534296036,0.03723200038075447,0.03138500079512596,0.03537999838590622,145635938
2019-12-16 00:00:00+00:00,0.03562000021338463,0.036740999668836594,0.02959899976849556,0.03323199972510338,167480564
2019-12-23 00:00:00+00:00,0.03329399973154068,0.03438999876379967,0.030674999579787254,0.032368000596761703,49417572
2019-12-30 00:00:00+00:00,0.032384999096393585,0.034853000193834305,0.029695000499486923,0.03236300125718117,60750251
2020-01-06 00:00:00+00:00,0.032368000596761703,0.034883998334407806,0.03172500059008598,0.03343699872493744,37720980
2020-01-13 00:00:00+00:00,0.03345499932765961,0.04479299858212471,0.03204900026321411,0.03731299936771393,140087161
2020-01-20 00:00:00+00:00,0.0372919999063015,0.04390000179409981,0.034988999366760254,0.03992699831724167,107053711
2020-01-27 00:00:00+00:00,0.03991900011897087,0.05122800171375275,0.03751499950885773,0.04767400026321411,208930865
2020-02-03 00:00:00+00:00,0.047634001821279526,0.06502100080251694,0.042653001844882965,0.06450899690389633,328340914
2020-02-10 00:00:00+00:00,0.06451000273227692,0.07732599973678589,0.05942700058221817,0.06640999764204025,382231857
2020-02-17 00:00:00+00:00,0.0662740021944046,0.06810799986124039,0.05610800161957741,0.061089999973773956,267323643
2020-02-24 00:00:00+00:00,0.06105799973011017,0.06364800035953522,0.04232599958777428,0.0489020012319088,217806368
2020-03-02 00:00:00+00:00,0.04889500141143799,0.056891001760959625,0.04380999878048897,0.04559699818491936,211867030
2020-03-09 00:00:00+00:00,0.045177001506090164,0.05218299850821495,0.026607999578118324,0.034255001693964005,223688969
2020-03-16 00:00:00+00:00,0.034279998391866684,0.04462800174951553,0.02920299954712391,0.03662800043821335,150961451
2020-03-23 00:00:00+00:00,0.03651199862360954,0.04569400101900101,0.03551800176501274,0.03591199964284897,102762713
2020-03-30 00:00:00+00:00,0.03589800000190735,0.04462800174951553,0.0347989983856678,0.03724399954080582,129643521
2020-04-06 00:00:00+00:00,0.03722599893808365,0.041186001151800156,0.03564399853348732,0.03683200106024742,130016727
2020-04-13 00:00:00+00:00,0.03705500066280365,0.03933899849653244,0.03544199839234352,0.03711000084877014,132612316
2020-04-20 00:00:00+00:00,0.03711099922657013,0.04171700030565262,0.03317200019955635,0.039671000093221664,86637273
2020-04-27 00:00:00+00:00,0.03973099961876869,0.04560999944806099,0.038777001202106476,0.04195500165224075,73759125
2020-05-04 00:00:00+00:00,0.04194999858736992,0.044578999280929565,0.035913001745939255,0.037154000252485275,165959001
2020-05-11 00:00:00+00:00,0.037122998386621475,0.04109499976038933,0.03529300168156624,0.03920299932360649,157616590
2020-05-18 00:00:00+00:00,0.03910199925303459,0.042149998247623444,0.03733700141310692,0.03868800029158592,91606203
2020-05-25 00:00:00+00:00,0.038662999868392944,0.04399799928069115,0.03813000023365021,0.042153000831604004,79524330
2020-06-01 00:00:00+00:00,0.042176999151706696,0.04802500084042549,0.041714999824762344,0.04631200060248375,95497099
2020-06-08 00:00:00+00:00,0.04633200168609619,0.049187999218702316,0.042493000626564026,0.043866001069545746,79178452
2020-06-15 00:00:00+00:00,0.04387800022959709,0.045857999473810196,0.04052500054240227,0.04441000148653984,93641654
2020-06-22 00:00:00+00:00,0.044454000890254974,0.045928001403808594,0.04035999998450279,0.04118699952960014,60282230
2020-06-29 00:00:00+00:00,0.041179999709129333,0.04443199932575226,0.04081699997186661,0.04302399978041649,40298530
2020-07-06 00:00:00+00:00,0.04302399978041649,0.04964999854564667,0.041788000613451004,0.045802000910043716,64870055
2020-07-13 00:00:00+00:00,0.045802000910043716,0.054138001054525375,0.0438230000436306,0.05070900171995163,96225754
2020-07-20 00:00:00+00:00,0.05076399818062782,0.05215299874544144,0.04804699867963791,0.049515001475811005,88282274
2020-07-27 00:00:00+00:00,0.04951599985361099,0.06138100102543831,0.04672199860215187,0.05410199984908104,103226017
2020-08-03 00:00:00+00:00,0.054113999009132385,0.06555099785327911,0.05381600186228752,0.06342100352048874,150234327
2020-08-10 00:00:00+00:00,0.06346599757671356,0.06764499843120575,0.05827400088310242,0.06612899899482727,123001672
2020-08-17 00:00:00+00:00,0.06612899899482727,0.1021599993109703,0.06606700271368027,0.09772499650716782,253495243
2020-08-24 00:00:00+00:00,0.09772499650716782,0.15597400069236755,0.0860389992594719,0.1296370029449463,885793495
2020-08-31 00:00:00+00:00,0.129489004611969,0.16892699897289276,0.10360900312662125,0.13510000705718994,1091941757
2020-09-07 00:00:00+00:00,0.13597199320793152,0.13873499631881714,0.11412300169467926,0.11996699869632721,373762386
2020-09-14 00:00:00+00:00,0.1200139969587326,0.1260399967432022,0.0984169989824295,0.11210300028324127,293195105
2020-09-21 00:00:00+00:00,0.11196599900722504,0.12598800659179688,0.10366600006818771,0.12169100344181061,213728010
2020-09-28 00:00:00+00:00,0.12182100117206573,0.12447799742221832,0.11150000244379044,0.1173970028758049,171401311
2020-10-05 00:00:00+00:00,0.11759299784898758,0.12529799342155457,0.11332599818706512,0.12110599875450134,183855855
2020-10-12 00:00:00+00:00,0.12102200090885162,0.1235089972615242,0.10965099930763245,0.11360199749469757,169394355
2020-10-19 00:00:00+00:00,0.11364000290632248,0.11435200273990631,0.10117299854755402,0.10553800314664841,162760587
2020-10-26 00:00:00+00:00,0.1055390015244484,0.10711199790239334,0.08880800008773804,0.09822399914264679,8830614681
2020-11-02 00:00:00+00:00,0.09822499752044678,0.13199299573898315,0.09454700350761414,0.12749800086021423,176081797
2020-11-09 00:00:00+00:00,0.12750299274921417,0.13905400037765503,0.1199600026011467,0.13303300738334656,211068498
2020-11-16 00:00:00+00:00,0.13303300738334656,0.14109499752521515,0.11026900261640549,0.12872299551963806,279314615
2020-11-23 00:00:00+00:00,0.12872199714183807,0.1989549994468689,0.12693600356578827,0.1779700070619583,715106265
2020-11-30 00:00:00+00:00,0.1784069985151291,0.2790760099887848,0.17321999371051788,0.24895699322223663,897238946
2020-12-07 00:00:00+00:00,0.2490610033273697,0.272460013628006,0.1869029998779297,0.25273001194000244,913843538
2020-12-14 00:00:00+00:00,0.25249698758125305,0.3171890079975128,0.2343679964542389,0.2892090082168579,1066126101
2020-12-21 00:00:00+00:00,0.2892780005931854,0.30584999918937683,0.19705800712108612,0.23590600490570068,1315413808
2020-12-28 00:00:00+00:00,0.2358269989490509,0.2423509955406189,0.17938800156116486,0.21048200130462646,948681199
2021-01-04 00:00:00+00:00,0.21154999732971191,0.28727900981903076,0.18249599635601044,0.23555399477481842,1429840908
2021-01-11 00:00:00+00:00,0.23532000184059143,0.23532000184059143,0.1897290050983429,0.22349700331687927,766667702
2021-01-18 00:00:00+00:00,0.22351199388504028,0.2561430037021637,0.19446900486946106,0.21463200449943542,690858482
2021-01-25 00:00:00+00:00,0.21445100009441376,0.25634700059890747,0.21410499513149261,0.23409000039100647,812228125
2021-02-01 00:00:00+00:00,0.23466099798679352,0.315216988325119,0.2304230034351349,0.3051869869232178,1052818837
2021-02-08 00:00:00+00:00,0.30671200156211853,0.41301000118255615,0.3046239912509918,0.3696349859237671,1783532442
2021-02-15 00:00:00+00:00,0.36878401041030884,0.5775200128555298,0.32567098736763,0.5665339827537537,1755925613
2021-02-22 00:00:00+00:00,0.5663579702377319,0.7475929856300354,0.435945987701416,0.6041460037231445,5985464394
2021-03-01 00:00:00+00:00,0.6080060005187988,0.8652439713478088,0.5870400071144104,0.7081980109214783,5183711335
2021-03-08 00:00:00+00:00,0.708899974822998,0.7236559987068176,0.32511600852012634,0.3320409953594208,5655099013
2021-03-15 00:00:00+00:00,0.33116400241851807,0.4187839925289154,0.3259209990501404,0.37269601225852966,2913082098
2021-03-22 00:00:00+00:00,0.37264499068260193,0.40064701437950134,0.3230290114879608,0.37020498514175415,1858423125
2021-03-29 00:00:00+00:00,0.3702459931373596,0.4379040002822876,0.3621410131454468,0.4162369966506958,2803096283
2021-04-05 00:00:00+00:00,0.4162389934062958,0.4925769865512848,0.35189101099967957,0.4432069957256317,4252368054
2021-04-12 00:00:00+00:00,0.4431520104408264,0.5251719951629639,0.3563930094242096,0.403658002614975,2842736878
2021-04-19 00:00:00+00:00,0.40405499935150146,0.4154199957847595,0.22705699503421783,0.26825299859046936,1940568006
2021-04-26 00:00:00+00:00,0.2697420120239258,0.35930800437927246,0.26657700538635254,0.3410109877586365,1458838052
2021-05-03 00:00:00+00:00,0.34101900458335876,0.4301910102367401,0.3032029867172241,0.37658798694610596,2416605779
2021-05-10 00:00:00+00:00,0.3765060007572174,0.3865230083465576,0.2818180024623871,0.2991049885749817,1508306910
2021-05-17 00:00:00+00:00,0.2993980050086975,0.2993980050086975,0.13662299513816833,0.16336800158023834,1369325482
2021-05-24 00:00:00+00:00,0.16269700229167938,0.21808700263500214,0.15621499717235565,0.18178799748420715,885186531
2021-05-31 00:00:00+00:00,0.18207499384880066,0.20708900690078735,0.17242300510406494,0.187718003988266,656338293
2021-06-07 00:00:00+00:00,0.18772000074386597,0.19237199425697327,0.15297099947929382,0.16554699838161469,551442009
2021-06-14 00:00:00+00:00,0.16554799675941467,0.18083299696445465,0.13287299871444702,0.1427219957113266,426696361
2021-06-21 00:00:00+00:00,0.14233100414276123,0.14350000023841858,0.08569800108671188,0.1126059964299202,485607467
2021-06-28 00:00:00+00:00,0.11279000341892242,0.14006100594997406,0.11054900288581848,0.13761700689792633,387187113
2021-07-05 00:00:00+00:00,0.13763299584388733,0.13763299584388733,0.11540299654006958,0.12258800119161606,393965132
2021-07-12 00:00:00+00:00,0.12256500124931335,0.1682800054550171,0.10802800208330154,0.1429080069065094,1593868069
2021-07-19 00:00:00+00:00,0.14281600713729858,0.15594300627708435,0.11266200244426727,0.1486169993877411,1364057946
2021-07-26 00:00:00+00:00,0.1487630009651184,0.18531599640846252,0.14786599576473236,0.1693820059299469,951847696
2021-08-02 00:00:00+00:00,0.16955499351024628,0.18871299922466278,0.1576700061559677,0.17541900277137756,599915499
2021-08-09 00:00:00+00:00,0.17535600066184998,0.21955299377441406,0.16949599981307983,0.2181050032377243,921765807
2021-08-16 00:00:00+00:00,0.21814900636672974,0.2292349934577942,0.18491999804973602,0.20486900210380554,673148845
2021-08-23 00:00:00+00:00,0.20447500050067902,0.21803300082683563,0.18284200131893158,0.1943890005350113,656224579
2021-08-30 00:00:00+00:00,0.19460399448871613,0.24308200180530548,0.185807004570961,0.24288499355316162,755793955
2021-09-06 00:00:00+00:00,0.2430959939956665,0.2430959939956665,0.16933199763298035,0.18630200624465942,853257562
2021-09-13 00:00:00+00:00,0.18637700378894806,0.19240300357341766,0.16952799260616302,0.1791200041770935,412678756
2021-09-20 00:00:00+00:00,0.17910900712013245,0.1793919950723648,0.13638299703598022,0.1466190069913864,503790662
2021-09-27 00:00:00+00:00,0.14679400622844696,0.16615800559520721,0.1335500031709671,0.16222000122070312,357824126
2021-10-04 00:00:00+00:00,0.16223500669002533,0.18656699359416962,0.15177500247955322,0.17343799769878387,553491497
2021-10-11 00:00:00+00:00,0.17372700572013855,0.1911350041627884,0.16195900738239288,0.1669819951057434,504465195
2021-10-18 00:00:00+00:00,0.16696299612522125,0.18099600076675415,0.16396600008010864,0.1712460070848465,419068803
2021-10-25 00:00:00+00:00,0.17136600613594055,0.19235099852085114,0.14638499915599823,0.1913360059261322,625376677
2021-11-01 00:00:00+00:00,0.19173499941825867,0.2388319969177246,0.18019400537014008,0.21462100744247437,1461104333
2021-11-08 00:00:00+00:00,0.21483300626277924,0.2149450033903122,0.17670400440692902,0.19298399984836578,759323864
2021-11-15 00:00:00+00:00,0.19286000728607178,0.1982239931821823,0.16695000231266022,0.18125100433826447,936842860
2021-11-22 00:00:00+00:00,0.1810699999332428,0.1810699999332428,0.15496499836444855,0.16607199609279633,577109399
2021-11-29 00:00:00+00:00,0.1663459986448288,0.17646899819374084,0.10734499990940094,0.12870900332927704,624901823
2021-12-06 00:00:00+00:00,0.12869800627231598,0.14791899919509888,0.11781799793243408,0.13492099940776825,495950877
2021-12-13 00:00:00+00:00,0.1349799931049347,0.13587599992752075,0.11923400312662125,0.12870299816131592,1182192890
2021-12-20 00:00:00+00:00,0.12876300513744354,0.1424500048160553,0.12148100137710571,0.14097900688648224,1192957044
2021-12-27 00:00:00+00:00,0.14096100628376007,0.14313900470733643,0.12020000070333481,0.1306149959564209,174303313
2022-01-03 00:00:00+00:00,0.13061299920082092,0.14039799571037292,0.11117500066757202,0.11535000056028366,277689442
2022-01-10 00:00:00+00:00,0.11533399671316147,0.12118600308895111,0.10547400265932083,0.11945299804210663,141152933
2022-01-17 00:00:00+00:00,0.11946000158786774,0.11966799944639206,0.08849799633026123,0.09745900332927704,195079871
2022-01-24 00:00:00+00:00,0.09746699780225754,0.10519500076770782,0.08731800317764282,0.10260099917650223,202495278
2022-01-31 00:00:00+00:00,0.10260900110006332,0.11559399962425232,0.0980290025472641,0.1122480034828186,160124201
2022-02-07 00:00:00+00:00,0.11222200095653534,0.12338899821043015,0.10517700016498566,0.11035899817943573,216637075
2022-02-14 00:00:00+00:00,0.11027900129556656,0.11692199856042862,0.09708999842405319,0.09865300357341766,145745106
2022-02-21 00:00:00+00:00,0.09864400327205658,0.10431300103664398,0.08560600131750107,0.10006900131702423,192730738
2022-02-28 00:00:00+00:00,0.10001800209283829,0.10989399999380112,0.09451500326395035,0.09569200128316879,150578059
2022-03-07 00:00:00+00:00,0.0956839993596077,0.10218899697065353,0.09111499786376953,0.09151399880647659,106581390
2022-03-14 00:00:00+00:00,0.09150499850511551,0.10272300243377686,0.09075800329446793,0.09936700016260147,123370694
2022-03-21 00:00:00+00:00,0.09935999661684036,0.11863700300455093,0.09726899862289429,0.11769799888134003,304683858
2022-03-28 00:00:00+00:00,0.11772400140762329,0.12726999819278717,0.11220700293779373,0.1231750026345253,343588788
2022-04-04 00:00:00+00:00,0.12318500131368637,0.12320099771022797,0.1012440025806427,0.10331500321626663,164821466
2022-04-11 00:00:00+00:00,0.1032869964838028,0.10331699997186661,0.09453199803829193,0.09738100320100784,122758851
2022-04-18 00:00:00+00:00,0.09742099791765213,0.1032629981637001,0.09307900071144104,0.09438300132751465,175583186
2022-04-25 00:00:00+00:00,0.09441299736499786,0.0971980020403862,0.08562099933624268,0.08949500322341919,183259155
2022-05-02 00:00:00+00:00,0.0894870012998581,0.09439799934625626,0.076044000685215,0.07618899643421173,151223211
2022-05-09 00:00:00+00:00,0.07616599649190903,0.07679600268602371,0.0373929999768734,0.06727500259876251,303342588
2022-05-16 00:00:00+00:00,0.06724599748849869,0.0701809972524643,0.05204299837350845,0.059888001531362534,150143748
2022-05-23 00:00:00+00:00,0.05983399972319603,0.05983399972319603,0.04597499966621399,0.04900699853897095,104504848
2022-05-30 00:00:00+00:00,0.049010999500751495,0.055750999599695206,0.04844300076365471,0.0510220006108284,97827931
2022-06-06 00:00:00+00:00,0.05103699862957001,0.054336000233888626,0.041531000286340714,0.04216200113296509,69270624
2022-06-13 00:00:00+00:00,0.042135000228881836,0.042750999331474304,0.0355370007455349,0.0399789996445179,76794757
2022-06-20 00:00:00+00:00,0.039983998984098434,0.04510900005698204,0.0382549986243248,0.04123299941420555,82122725
2022-06-27 00:00:00+00:00,0.04123200103640556,0.06280499696731567,0.03613099828362465,0.04317399859428406,270028159
2022-07-04 00:00:00+00:00,0.04317300021648407,0.04317300021648407,0.039030998945236206,0.04054500162601471,85120821
2022-07-11 00:00:00+00:00,0.040539998561143875,0.04249799996614456,0.036354999989271164,0.04057500138878822,70285998
2022-07-18 00:00:00+00:00,0.04058099910616875,0.062213998287916183,0.04058099910616875,0.048771001398563385,421298304
2022-07-25 00:00:00+00:00,0.0487699992954731,0.05366099998354912,0.04274599999189377,0.04955499991774559,142804446
2022-08-01 00:00:00+00:00,0.04955099895596504,0.05661499872803688,0.047628000378608704,0.051472000777721405,96539652
2022-08-08 00:00:00+00:00,0.05145400017499924,0.05785699933767319,0.04815400019288063,0.053977999836206436,171975137
2022-08-15 00:00:00+00:00,0.05397599935531616,0.055181000381708145,0.0438309982419014,0.04631900042295456,75041242
2022-08-22 00:00:00+00:00,0.04631299898028374,0.04889199882745743,0.04331599920988083,0.04331599920988083,94393140
2022-08-29 00:00:00+00:00,0.043313998728990555,0.04769200086593628,0.04243699833750725,0.04418199881911278,99178497
2022-09-05 00:00:00+00:00,0.04417100176215172,0.047488000243902206,0.0406389981508255,0.04664099961519241,94417785
2022-09-12 00:00:00+00:00,0.046636998653411865,0.048138998448848724,0.03960699960589409,0.039806000888347626,91171210
2022-09-19 00:00:00+00:00,0.039806999266147614,0.04231400042772293,0.03858700022101402,0.03988799825310707,66390587
2022-09-26 00:00:00+00:00,0.039889998733997345,0.04185099899768829,0.0388370007276535,0.03956799954175949,69302089
2022-10-03 00:00:00+00:00,0.03952300176024437,0.042190998792648315,0.039229001849889755,0.04134099930524826,62404280
2022-10-10 00:00:00+00:00,0.04134500026702881,0.0417650006711483,0.03615200147032738,0.038729000836610794,48858929
2022-10-17 00:00:00+00:00,0.038736000657081604,0.03981100022792816,0.03601999953389168,0.03807299956679344,41454439
2022-10-24 00:00:00+00:00,0.038068998605012894,0.04075700044631958,0.037122998386621475,0.03926499933004379,436646857
2022-10-31 00:00:00+00:00,0.03926600143313408,0.04193200170993805,0.03741300106048584,0.03952899947762489,57547769
2022-11-07 00:00:00+00:00,0.03953000158071518,0.03996200114488602,0.028713999316096306,0.031387001276016235,69287253
2022-11-14 00:00:00+00:00,0.03138599917292595,0.03403099998831749,0.029447000473737717,0.030866999179124832,57913413
2022-11-21 00:00:00+00:00,0.03086400032043457,0.03960099816322327,0.029928000643849373,0.032138001173734665,153010045
2022-11-28 00:00:00+00:00,0.032134998589754105,0.034019000828266144,0.03101399913430214,0.03288999944925308,75353953
2022-12-05 00:00:00+00:00,0.03288700059056282,0.033574000000953674,0.03183799982070923,0.03249400109052658,65638812
2022-12-12 00:00:00+00:00,0.032485999166965485,0.03412099927663803,0.029022999107837677,0.03054800070822239,74954865
2022-12-19 00:00:00+00:00,0.03054100088775158,0.030688000842928886,0.028855999931693077,0.029802000150084496,60705708
2022-12-26 00:00:00+00:00,0.02980099990963936,0.02982099913060665,0.027591999620199203,0.02881699986755848,46142162
2023-01-02 00:00:00+00:00,0.028814999386668205,0.02999499998986721,0.028408000245690346,0.02999499998986721,38241417
2023-01-09 00:00:00+00:00,0.02999499998986721,0.036621998995542526,0.029941000044345856,0.03587599843740463,68530362
2023-01-16 00:00:00+00:00,0.035886000841856,0.03800800070166588,0.03390900045633316,0.03680500015616417,80099355
2023-01-23 00:00:00+00:00,0.03680599853396416,0.0406470000743866,0.0359870009124279,0.03947500139474869,107909659
2023-01-30 00:00:00+00:00,0.039475999772548676,0.04202700033783913,0.03601900115609169,0.04063300043344498,115644943
2023-02-06 00:00:00+00:00,0.04065399989485741,0.04359599947929382,0.037553999572992325,0.03801500052213669,104961050
2023-02-13 00:00:00+00:00,0.03801099956035614,0.04225799813866615,0.035764001309871674,0.04136300086975098,76945469
2023-02-20 00:00:00+00:00,0.04136199876666069,0.04792499914765358,0.039705999195575714,0.0413069985806942,127875888
2023-02-27 00:00:00+00:00,0.0413069985806942,0.0640610009431839,0.04007900133728981,0.04039100185036659,801453821
2023-03-06 00:00:00+00:00,0.04037899896502495,0.042125001549720764,0.032051000744104385,0.03651399910449982,125626192
2023-03-13 00:00:00+00:00,0.03651899844408035,0.04192399978637695,0.03531099855899811,0.04135100170969963,128593384
2023-03-20 00:00:00+00:00,0.04134900122880936,0.04164800047874451,0.03747500106692314,0.03934599831700325,84089494
2023-03-27 00:00:00+00:00,0.039379000663757324,0.04280700162053108,0.03650299832224846,0.039753999561071396,84838542
2023-04-03 00:00:00+00:00,0.03975199908018112,0.044183000922203064,0.038235001266002655,0.040421001613140106,94522133
2023-04-10 00:00:00+00:00,0.04042999818921089,0.04287000000476837,0.03918499872088432,0.04264599829912186,73214584
2023-04-17 00:00:00+00:00,0.04264700040221214,0.04280399903655052,0.03624400123953819,0.03688599914312363,74823668
2023-04-24 00:00:00+00:00,0.03688599914312363,0.038433998823165894,0.03528299927711487,0.036389999091625214,69840264
2023-05-01 00:00:00+00:00,0.03638400137424469,0.036997001618146896,0.03484300151467323,0.03523800149559975,61886716
2023-05-08 00:00:00+00:00,0.03522999957203865,0.03540699928998947,0.031516000628471375,0.03282200172543526,57158981
2023-05-15 00:00:00+00:00,0.03281499817967415,0.03404400125145912,0.032134998589754105,0.032207001000642776,47524807
2023-05-22 00:00:00+00:00,0.0322129987180233,0.03301199898123741,0.03064900077879429,0.03281800076365471,44954494
2023-05-29 00:00:00+00:00,0.03282200172543526,0.03365800157189369,0.03221900016069412,0.033215999603271484,46303105
2023-06-05 00:00:00+00:00,0.0332150012254715,0.03323499858379364,0.023321999236941338,0.02621700055897236,60866219
2023-06-12 00:00:00+00:00,0.026221999898552895,0.027331000193953514,0.025272000581026077,0.02572000026702881,46084501
2023-06-19 00:00:00+00:00,0.025721000507473946,0.030538000166416168,0.025111999362707138,0.02969300001859665,56707692
2023-06-26 00:00:00+00:00,0.029683999717235565,0.03228899836540222,0.026930000633001328,0.02947700023651123,63032687
2023-07-03 00:00:00+00:00,0.029479999095201492,0.03137899935245514,0.027171999216079712,0.02755500003695488,45147101
2023-07-10 00:00:00+00:00,0.027557000517845154,0.03835099935531616,0.027009999379515648,0.02994599938392639,275413770
2023-07-17 00:00:00+00:00,0.02994699962437153,0.030618999153375626,0.028958000242710114,0.030434999614953995,58869979
2023-07-24 00:00:00+00:00,0.030446000397205353,0.030729999765753746,0.02846900001168251,0.029827000573277473,57855860
2023-07-31 00:00:00+00:00,0.029827000573277473,0.03095100075006485,0.029106000438332558,0.029989000409841537,57394341
2023-08-07 00:00:00+00:00,0.029985999688506126,0.03201499953866005,0.02908499911427498,0.029596000909805298,64044053
2023-08-14 00:00:00+00:00,0.029596999287605286,0.029596999287605286,0.02175300009548664,0.025429999455809593,38381646
2023-08-21 00:00:00+00:00,0.02543099969625473,0.02569900080561638,0.02377999946475029,0.025085000321269035,23478118
2023-08-28 00:00:00+00:00,0.025088999420404434,0.0257789995521307,0.023732999339699745,0.02435299940407276,19177453
2023-09-04 00:00:00+00:00,0.02435299940407276,0.025390999391674995,0.02391199953854084,0.024424999952316284,15820577
2023-09-11 00:00:00+00:00,0.02442600019276142,0.026491999626159668,0.023329000920057297,0.025200000032782555,18331623
2023-09-18 00:00:00+00:00,0.025200000032782555,0.026357000693678856,0.024942999705672264,0.026110999286174774,23637220
2023-09-25 00:00:00+00:00,0.026107000187039375,0.027427999302744865,0.02489200048148632,0.027218999341130257,24414824
2023-10-02 00:00:00+00:00,0.027216000482439995,0.029255999252200127,0.02487899921834469,0.025630999356508255,75423176
2023-10-09 00:00:00+00:00,0.025629999116063118,0.025981999933719635,0.02428700029850006,0.025790000334382057,22450304
2023-10-16 00:00:00+00:00,0.02579200081527233,0.028179999440908432,0.02548700012266636,0.027782000601291656,32378624
2023-10-23 00:00:00+00:00,0.027695000171661377,0.03030500002205372,0.027489999309182167,0.030222000554203987,39624564
2023-10-30 00:00:00+00:00,0.030222000554203987,0.03383199870586395,0.02912599965929985,0.033277999609708786,73716060
2023-11-06 00:00:00+00:00,0.0332770012319088,0.04409699887037277,0.03230400010943413,0.03614199906587601,237104488
2023-11-13 00:00:00+00:00,0.036146000027656555,0.03831600025296211,0.03408699855208397,0.03823399916291237,92308349
2023-11-20 00:00:00+00:00,0.03823300078511238,0.039062000811100006,0.033181000500917435,0.03620800003409386,61804694
2023-11-27 00:00:00+00:00,0.03620100021362305,0.03773000091314316,0.034040000289678574,0.03748000040650368,44507460
2023-12-04 00:00:00+00:00,0.037487998604774475,0.04151099920272827,0.03653400018811226,0.04028100147843361,112498056
2023-12-11 00:00:00+00:00,0.04028800129890442,0.041329000145196915,0.03551499918103218,0.037390001118183136,71521436
2023-12-18 00:00:00+00:00,0.037383999675512314,0.04045800119638443,0.03471599891781807,0.03868100047111511,66145401
2023-12-25 00:00:00+00:00,0.03868100047111511,0.041269998997449875,0.03749699890613556,0.03903999924659729,50378607
2024-01-01 00:00:00+00:00,0.03903599828481674,0.041795000433921814,0.032857999205589294,0.03307799994945526,75300760
2024-01-08 00:00:00+00:00,0.0330829992890358,0.03762900084257126,0.03073900006711483,0.03457599878311157,83187125
2024-01-15 00:00:00+00:00,0.03457999974489212,0.049226000905036926,0.03448199853301048,0.04467500001192093,388292580
2024-01-22 00:00:00+00:00,0.04473400115966797,0.05430300161242485,0.03702399879693985,0.037335000932216644,613041164
2024-01-29 00:00:00+00:00,0.037335000932216644,0.03803500160574913,0.034356001764535904,0.034696999937295914,89689366
2024-02-05 00:00:00+00:00,0.034696001559495926,0.03564099967479706,0.03363100066781044,0.03518500179052353,43843078
2024-02-12 00:00:00+00:00,0.03518600016832352,0.03902599960565567,0.0346280001103878,0.03805999830365181,65715501
2024-02-19 00:00:00+00:00,0.03805699944496155,0.039055999368429184,0.03598000109195709,0.03843899816274643,57032795
2024-02-26 00:00:00+00:00,0.03844499960541725,0.0477989986538887,0.037241000682115555,0.0468129999935627,244743638
2024-03-04 00:00:00+00:00,0.04679600149393082,0.055709999054670334,0.04076499864459038,0.053679998964071274,322458422
2024-03-11 00:00:00+00:00,0.05368100106716156,0.062245000153779984,0.04578600078821182,0.050783999264240265,292399031
2024-03-18 00:00:00+00:00,0.050783999264240265,0.05155399814248085,0.04040500149130821,0.04922100156545639,132255584
2024-03-25 00:00:00+00:00,0.04922100156545639,0.05480999872088432,0.048516999930143356,0.051656998693943024,83069024
2024-04-01 00:00:00+00:00,0.051656998693943024,0.05193300172686577,0.0429299995303154,0.048597000539302826,78082189
2024-04-08 00:00:00+00:00,0.048597000539302826,0.05246400088071823,0.03140699863433838,0.038708001375198364,115085670
2024-04-15 00:00:00+00:00,0.038708001375198364,0.04067299887537956,0.033190999180078506,0.039788998663425446,66906924
2024-04-22 00:00:00+00:00,0.039788998663425446,0.04343799874186516,0.0361270010471344,0.03814300149679184,90500357
2024-04-29 00:00:00+00:00,0.03814300149679184,0.039517998695373535,0.03344300016760826,0.03932199999690056,73183879
2024-05-06 00:00:00+00:00,0.03932199999690056,0.0403439998626709,0.03548299893736839,0.03554699942469597,55319974
2024-05-13 00:00:00+00:00,0.03554699942469597,0.03919399902224541,0.03367599844932556,0.03706200048327446,49359608
2024-05-20 00:00:00+00:00,0.03706200048327446,0.040077999234199524,0.03617599979043007,0.037099000066518784,37035783
2024-05-27 00:00:00+00:00,0.037099000066518784,0.03889799863100052,0.03522400185465813,0.03543199971318245,28020074
2024-06-03 00:00:00+00:00,0.03543199971318245,0.0357850007712841,0.019367000088095665,0.0211970005184412,233024608
2024-06-10 00:00:00+00:00,0.021198000758886337,0.02151999995112419,0.01573299989104271,0.016363000497221947,72368118
2024-06-17 00:00:00+00:00,0.016332000494003296,0.01703600026667118,0.01354300044476986,0.013783000409603119,209177889
2024-06-24 00:00:00+00:00,0.013783000409603119,0.01561999972909689,0.013194999657571316,0.014771999791264534,170077440
2024-07-01 00:00:00+00:00,0.014770999550819397,0.015270999632775784,0.011339000426232815,0.012482999823987484,107825104
2024-07-08 00:00:00+00:00,0.012492000125348568,0.015008999966084957,0.012098000384867191,0.013787000440061092,23075401
2024-07-15 00:00:00+00:00,0.013764999806880951,0.01787699945271015,0.013612999580800533,0.016346000134944916,178995667
2024-07-22 00:00:00+00:00,0.016346000134944916,0.020292000845074654,0.01618099957704544,0.018539000302553177,335956833
2024-07-29 00:00:00+00:00,0.018539000302553177,0.02727999910712242,0.018146999180316925,0.021918000653386116,568970515
2024-08-05 00:00:00+00:00,0.021918000653386116,0.02556600049138069,0.016760999336838722,0.021602999418973923,314750323
2024-08-12 00:00:00+00:00,0.021602999418973923,0.022470999509096146,0.01960800029337406,0.020577000454068184,93725654
2024-08-19 00:00:00+00:00,0.020577000454068184,0.02153399959206581,0.019360000267624855,0.020531000569462776,38810354
2024-08-26 00:00:00+00:00,0.020531000569462776,0.020661000162363052,0.01617800071835518,0.01626400090754032,25502803
2024-09-02 00:00:00+00:00,0.01626400090754032,0.017703000456094742,0.015212999656796455,0.01617800071835518,18640923
2024-09-09 00:00:00+00:00,0.01617800071835518,0.019147999584674835,0.01607700064778328,0.01797799952328205,59010128
2024-09-16 00:00:00+00:00,0.01797799952328205,0.01954299956560135,0.016681000590324402,0.01883699931204319,48829989
2024-09-23 00:00:00+00:00,0.01883699931204319,0.020360000431537628,0.018360000103712082,0.020083999261260033,61815078
2024-09-30 00:00:00+00:00,0.020083999261260033,0.020584000274538994,0.01645899936556816,0.017911000177264214,44562744
2024-10-07 00:00:00+00:00,0.017911000177264214,0.018199000507593155,0.016832999885082245,0.017629999667406082,35268643
2024-10-14 00:00:00+00:00,0.017629999667406082,0.01861399970948696,0.01747399941086769,0.018376000225543976,29925299
2024-10-21 00:00:00+00:00,0.018376000225543976,0.01851700060069561,0.01548799965530634,0.016408000141382217,22741187
2024-10-28 00:00:00+00:00,0.016408000141382217,0.017163999378681183,0.01502699963748455,0.015359999611973763,17947041
2024-11-04 00:00:00+00:00,0.015359999611973763,0.019500000402331352,0.014764999970793724,0.017965000122785568,128481974
2024-11-11 00:00:00+00:00,0.017965000122785568,0.02637699991464615,0.017097000032663345,0.02222900092601776,434618961
2024-11-18 00:00:00+00:00,0.02222900092601776,0.02641100063920021,0.020263999700546265,0.025026999413967133,286118973
2024-11-25 00:00:00+00:00,0.025026999413967133,0.03643200173974037,0.02462100051343441,0.03337400034070015,600244570
2024-12-02 00:00:00+00:00,0.03337400034070015,0.041638001799583435,0.028562000021338463,0.038548000156879425,603252290
2024-12-09 00:00:00+00:00,0.038548000156879425,0.03857799991965294,0.027008000761270523,0.03213199973106384,360049473
2024-12-16 00:00:00+00:00,0.03213199973106384,0.03221699967980385,0.021674999967217445,0.02507999911904335,282248857
2024-12-23 00:00:00+00:00,0.02507999911904335,0.02777699939906597,0.023794999346137047,0.025124000385403633,194596585
2024-12-30 00:00:00+00:00,0.025124000385403633,0.02901799976825714,0.02316099964082241,0.02729099988937378,170685972
2025-01-06 00:00:00+00:00,0.02729099988937378,0.030016999691724777,0.02487099915742874,0.025668000802397728,218436284
2025-01-13 00:00:00+00:00,0.025668000802397728,0.027767999097704887,0.023110000416636467,0.023110000416636467,228739872
2025-01-20 00:00:00+00:00,0.023110000416636467,0.025485999882221222,0.022624000906944275,0.02420799992978573,246819066
2025-01-27 00:00:00+00:00,0.02420799992978573,0.024867000058293343,0.02011300064623356,0.021803999319672585,192422423
2025-02-03 00:00:00+00:00,0.021803999319672585,0.02180900052189827,0.017400000244379044,0.020250000059604645,185839613
2025-02-10 00:00:00+00:00,0.020250000059604645,0.024803999811410904,0.019308000802993774,0.022228000685572624,269222346
2025-02-17 00:00:00+00:00,0.022228000685572624,0.027780000120401382,0.02179899998009205,0.022348999977111816,222823974
2025-02-24 00:00:00+00:00,0.022348999977111816,0.023350000381469727,0.018585000187158585,0.020594000816345215,165407992
2025-03-03 00:00:00+00:00,0.020593000575900078,0.021723000332713127,0.01843000017106533,0.019040999934077263,167557801
2025-03-10 00:00:00+00:00,0.019040999934077263,0.019960999488830566,0.018310999497771263,0.019253000617027283,208693832
2025-03-17 00:00:00+00:00,0.019253000617027283,0.019972000271081924,0.018776999786496162,0.01921599917113781,144671959
2025-03-24 00:00:00+00:00,0.01921599917113781,0.020711999386548996,0.016665000468492508,0.016749000176787376,120727296
2025-03-31 00:00:00+00:00,0.016749000176787376,0.017162999138236046,0.01382100023329258,0.01424499973654747,154189147
2025-04-07 00:00:00+00:00,0.01424499973654747,0.016821999102830887,0.012873999774456024,0.015390000306069851,150580235
2025-04-14 00:00:00+00:00,0.015390000306069851,0.018585000187158585,0.014778999611735344,0.016652999445796013,158249804
2025-04-21 00:00:00+00:00,0.016652999445796013,0.026500999927520752,0.016311999410390854,0.02066499926149845,365898302
2025-04-28 00:00:00+00:00,0.02066499926149845,0.020687000826001167,0.017930999398231506,0.01806800067424774,136707506
2025-05-05 00:00:00+00:00,0.018067000433802605,0.021888000890612602,0.016899999231100082,0.019310999661684036,168008387
2025-05-12 00:00:00+00:00,0.019310999661684036,0.019999999552965164,0.017846999689936638,0.018590999767184258,134578686
2025-05-19 00:00:00+00:00,0.018590999767184258,0.01860100030899048,0.00989300012588501,0.010181000456213951,155907347
2025-05-26 00:00:00+00:00,0.010181000456213951,0.013288999907672405,0.006525000091642141,0.006800000090152025,63706384
2025-06-02 00:00:00+00:00,0.006800000090152025,0.012733000330626965,0.006328000221401453,0.007046999875456095,257595701
2025-06-09 00:00:00+00:00,0.007046999875456095,0.009479999542236328,0.004954000003635883,0.005016000010073185,86742305
2025-06-16 00:00:00+00:00,0.005011000204831362,0.007528999820351601,0.0037410000804811716,0.004668000154197216,90012891
2025-06-23 00:00:00+00:00,0.004666999913752079,0.007373000029474497,0.004207999911159277,0.004538999870419502,182055970
2025-06-30 00:00:00+00:00,0.004542999900877476,0.0053079999051988125,0.0015559999737888575,0.0016550000291317701,573043747
2025-07-07 00:00:00+00:00,0.0016530000139027834,0.002257999964058399,0.0016319999704137444,0.0020630001090466976,47210760
2025-07-14 00:00:00+00:00,0.002061000093817711,0.0024850000627338886,0.001905999961309135,0.002309999894350767,33234148
2025-07-21 00:00:00+00:00,0.0023010000586509705,0.004774999804794788,0.002196999965235591,0.0032399999909102917,80904134
2025-07-28 00:00:00+00:00,0.0032420000061392784,0.003515999997034669,0.002360000042244792,0.002483000047504902,30371654
2025-08-04 00:00:00+00:00,0.002483000047504902,0.0030720001086592674,0.0024580000899732113,0.00266700005158782,30648252
2025-08-11 00:00:00+00:00,0.0026660000439733267,0.0030060000717639923,0.0024590000975877047,0.0025740000419318676,22685172
2025-08-18 00:00:00+00:00,0.0025740000419318676,0.0025770000647753477,0.002280999906361103,0.0023769999388605356,24004276
2025-08-25 00:00:00+00:00,0.0023769999388605356,0.0024759999942034483,0.0022690000478178263,0.0023360000923275948,23071198
2025-09-01 00:00:00+00:00,0.002337000099942088,0.0024129999801516533,0.002208000048995018,0.002348999958485365,18701045
2025-09-08 00:00:00+00:00,0.002348999958485365,0.002824000082910061,0.0022990000434219837,0.0024790000170469284,24232289
2025-09-15 00:00:00+00:00,0.0024770000018179417,0.002489000093191862,0.0022360000293701887,0.0023930000606924295,21542642
2025-09-22 00:00:00+00:00,0.002392000053077936,0.0024160000029951334,0.00184599997010082,0.0018729999428614974,25433891
2025-09-29 00:00:00+00:00,0.0018729999428614974,0.0019519999623298645,0.0016049999976530671,0.0016430000541731715,26858243
2025-10-06 00:00:00+00:00,0.0016430000541731715,0.0016449999529868364,0.001129999989643693,0.0012359999818727374,22089430
2025-10-13 00:00:00+00:00,0.0012359999818727374,0.0013689999468624592,0.0011970000341534615,0.0012519999872893095,15104531
2025-10-20 00:00:00+00:00,0.0012519999872893095,0.0013970000436529517,0.001221999991685152,0.0013210000470280647,11395012
2025-10-27 00:00:00+00:00,0.0013210000470280647,0.001449999981559813,0.0012919999426230788,0.0013780000153928995,12099394
2025-11-03 00:00:00+00:00,0.0013780000153928995,0.001496999990195036,0.001057000015862286,0.0012039999710395932,12150064
2025-11-10 00:00:00+00:00,0.0012039999710395932,0.0013150000013411045,0.001088000019080937,0.0011119999689981341,12429893
2025-11-17 00:00:00+00:00,0.0011119999689981341,0.0012450000504031777,0.0010000000474974513,0.001155999954789877,12352253
2025-11-24 00:00:00+00:00,0.001155999954789877,0.0018680000212043524,0.0010659999679774046,0.0014199999859556556,16265623
2025-12-01 00:00:00+00:00,0.0014199999859556556,0.001623000018298626,0.001319000031799078,0.0014420000370591879,18555638
2025-12-08 00:00:00+00:00,0.0014420000370591879,0.001572999986819923,0.0012240000069141388,0.001297999988310039,18479664
2025-12-15 00:00:00+00:00,0.001297999988310039,0.0015399999683722854,0.0011699999449774623,0.0012150000547990203,20284318
2025-12-22 00:00:00+00:00,0.0012150000547990203,0.001319000031799078,0.0011680000461637974,0.0012400000123307109,14396954
2025-12-29 00:00:00+00:00,0.0012410000199452043,0.001424000016413629,0.0011769999982789159,0.0012199999764561653,6990001
